bedrooms,bathrooms,sqft,age,location,air_conditioned,price
3,2,1710,5,Ujjain,yes,9276785.17
3,2,1262,31,Chennai,yes,7308104.38
3,2,1786,7,Anantapur,yes,9053234.19
3,1,1717,91,Udaipur,yes,8141466.93
4,2,2198,8,Pune,yes,14256516.04
1,1,1362,16,Jalgaon,yes,5997282.12
3,2,1694,3,Ghaziabad,yes,8022013.68
3,2,2090,36,Mysore,yes,11438630.03
2,2,1774,77,Gwalior,yes,9057588.23
2,1,1077,69,Jaipur,yes,5529040.55
3,1,1040,43,Raurkela,yes,5709706.64
4,3,2324,1,Noida,yes,11928710.21
2,1,912,46,Firozabad,yes,4336858.8
3,2,1494,1,Karimnagar,yes,7340510.18
2,1,1253,48,Bhubaneswar,yes,6316784.6
2,1,854,78,Malegaon,yes,4007078.51
2,1,1004,40,Loni,yes,5668589.21
2,2,1296,39,Guntur,yes,6477695.37
3,1,1114,4,Kurnool,yes,5200459.93
3,1,1339,51,Bharatpur,yes,5413685.28
4,3,2376,1,Arrah,yes,12509047.12
3,1,1108,77,Loni,yes,5468497.16
3,2,1795,6,Mumbai,yes,13458369.13
3,1,1060,31,Mathura,yes,5301472.78
3,1,1060,42,Chandigarh,yes,4929843.52
3,2,1600,2,Rampur,yes,8845620.7
3,1,900,59,Panipat,yes,4360011.85
3,2,1704,3,Varanasi,yes,7778803.07
2,1,1600,49,Etawah,yes,6404057.28
1,1,520,81,Belgaum,no,2564460.53
3,1,1317,88,Bhilai,no,5860252.0
3,1,1228,42,Agartala,yes,5805370.61
3,2,1234,1,Jhansi,yes,6745782.96
4,1,1700,51,Ahmedabad,yes,8322978.24
2,2,1561,2,Moradabad,yes,8958176.42
4,3,2452,2,Arrah,yes,13573000.09
3,1,1097,15,Patna,yes,5922475.71
3,1,1297,55,Bhiwandi,yes,5288671.45
3,1,1057,57,Bhilai,yes,5113105.27
2,2,1152,53,Jabalpur,no,5706902.35
3,2,1324,41,Kolhapur,yes,6918096.81
2,1,1328,48,Parbhani,yes,7683046.98
2,1,884,24,Varanasi,yes,4737008.53
3,1,938,33,Madurai,yes,4838154.69
3,1,1150,47,Bharatpur,yes,6313024.25
2,2,1752,5,Loni,yes,9093543.86
1,1,2149,6,Panipat,yes,11113148.65
3,2,1656,1,Pune,yes,10403215.65
2,2,1452,89,Rampur,yes,7001274.25
3,1,955,41,Bikaner,yes,3837758.67
3,2,1470,10,Dehradun,yes,6875811.97
3,1,1176,72,Bangalore,yes,8215888.24
2,1,816,47,Dehradun,no,4587650.1
0,0,1842,25,Surat,yes,8187275.33
3,1,1360,52,Belgaum,yes,7517016.16
3,2,1425,44,Jammu,yes,7805126.52
3,2,1739,10,Firozabad,yes,8588681.6
3,2,1720,2,Panipat,yes,6745341.79
3,3,2945,0,Moradabad,yes,15045610.31
2,1,780,36,Karimnagar,yes,3879283.16
3,1,1158,2,Nagpur,yes,6262452.97
3,1,1111,87,Rampur,no,6435756.0
2,2,1370,1,Ujjain,yes,6468034.98
3,2,1710,89,Jabalpur,yes,8088269.3
3,2,2034,12,Raurkela,yes,7416136.79
4,2,2473,3,Nagpur,yes,13398250.58
3,2,2207,40,Kurnool,yes,10773611.64
3,2,1479,4,Malegaon,yes,9031217.17
2,1,747,65,Mumbai,yes,5698179.06
3,2,2287,53,Jabalpur,yes,12349668.22
3,2,2223,34,Hubli,yes,10293609.39
2,1,845,25,Erode,yes,4009717.53
3,2,1718,11,Jamshedpur,yes,8565390.94
3,1,1086,56,Ghaziabad,yes,5544179.63
3,2,1605,95,Mathura,no,7944800.19
2,1,988,36,Vadodara,yes,5728058.76
2,1,952,52,Allahabad,yes,4834356.41
2,1,1285,60,Jalgaon,yes,7995801.88
4,2,1768,42,Bharuch,no,10087902.01
2,1,1230,99,Navi Mumbai,yes,5505493.17
4,2,2142,41,Kolhapur,yes,11506954.73
2,2,1337,8,Arrah,yes,6881852.17
3,2,1563,1,Kolkata,yes,6874499.68
3,1,1065,47,Udaipur,yes,5099447.39
3,2,1474,14,Varanasi,yes,7719932.46
4,2,2417,15,Ludhiana,yes,9038455.68
3,2,1560,4,Siliguri,yes,7434766.65
2,2,1224,0,Vasai,yes,6344557.12
2,1,1526,94,Parbhani,no,6976654.22
3,1,990,13,Sangli,yes,4698978.41
2,1,1040,56,Siliguri,yes,4328060.82
2,1,1235,45,Hyderabad,yes,8632722.84
2,1,964,88,Belgaum,yes,5287765.19
4,2,2291,97,Howrah,no,10126922.2
3,2,1786,10,Karimnagar,yes,7593007.1
3,2,1470,16,Nellore,yes,8458283.58
3,2,1588,7,Ajmer,yes,7721036.1
3,1,960,42,Chandigarh,yes,4826887.95
2,1,835,90,Guwahati,no,4184169.91
3,1,1225,51,Guntur,yes,5872806.77
3,2,1610,33,Gorakhpur,yes,8527481.61
3,2,1732,25,Howrah,yes,9098771.87
4,2,1535,30,Jabalpur,yes,8520980.9
3,2,1226,1,Kalyan,yes,6311460.52
4,1,1818,76,Nashik,yes,9820182.59
3,2,1992,5,Ujjain,yes,10245221.04
2,1,1047,122,Indore,yes,5101013.29
2,1,789,60,Amravati,yes,3104759.96
3,2,1517,88,Loni,no,7226487.26
3,2,1844,33,Karimnagar,yes,8400598.67
4,2,1855,52,Karimnagar,yes,8772075.49
3,2,1430,10,Warangal,yes,5631400.0
4,2,2696,0,Bangalore,yes,19219521.65
3,2,2259,54,Bhopal,yes,9117544.1
3,2,2320,62,Meerut,yes,10448045.28
2,2,1458,8,Nagpur,yes,7044345.71
3,1,1092,47,Ajmer,yes,5546706.65
2,1,1125,1,Moradabad,yes,5496163.93
5,3,3222,20,Amritsar,yes,16298012.73
3,2,1456,1,Delhi,yes,9374608.73
1,1,988,37,Loni,yes,5147555.2
3,1,1123,68,Visakhapatnam,yes,6437082.19
3,1,1080,50,Udaipur,yes,5621916.06
2,2,1199,15,Nellore,yes,6215176.98
3,2,1586,30,Jaipur,yes,7769928.09
2,1,754,71,Surat,no,4060997.71
2,2,958,31,Shimla,yes,4649243.0
3,1,840,77,Bareilly,yes,4675910.93
3,1,1348,40,Noida,yes,6482714.85
3,1,1053,48,Siliguri,yes,4907048.09
4,2,2157,40,Bharatpur,yes,11220713.62
3,2,2054,9,Mumbai,yes,15675305.28
3,1,1327,48,Pune,yes,7741047.23
2,2,1296,8,Kolhapur,yes,5975481.81
3,2,1721,38,Faridabad,yes,8048966.94
3,2,1682,38,Navi Mumbai,yes,7492693.35
3,2,1214,40,Thane,yes,6011811.19
5,3,1959,18,Guwahati,yes,10436780.67
3,2,1852,9,Thane,yes,9407915.03
3,2,1764,12,Vadodara,yes,9474321.56
3,1,864,39,Pune,yes,5173140.55
3,2,1734,1,Meerut,yes,9175147.83
4,2,1385,58,Thane,yes,7621781.91
3,2,1501,10,Vijayawada,yes,7396016.25
6,2,1728,43,Udaipur,yes,8187389.25
3,2,1709,2,Guwahati,yes,9642371.76
2,1,875,78,Nashik,yes,4082285.68
3,2,2035,9,Bareilly,yes,10641606.45
3,1,1080,4,Kanpur,yes,4578676.0
3,1,1344,70,Salem,yes,5649200.52
3,1,969,32,Chennai,yes,6112731.65
2,2,1710,1,Salem,yes,8016491.13
4,2,1993,35,Ghaziabad,yes,9070964.94
1,1,1252,48,Malegaon,yes,6462358.25
4,1,1200,83,Dhanbad,yes,5509285.19
2,1,1096,84,Chandigarh,no,5580664.76
2,1,1040,56,Vijayawada,yes,5497052.69
4,2,1968,1,Salem,yes,10392293.97
3,2,1947,6,Bhubaneswar,yes,10881510.88
4,2,2462,1,Mangalore,yes,13727507.4
3,2,1232,24,Kurnool,yes,5962009.14
3,2,2668,5,Bikaner,yes,12304705.89
3,2,1541,5,Bikaner,yes,9158719.64
1,1,882,51,Jammu,yes,4080505.22
3,2,1616,81,Visakhapatnam,yes,6773529.88
4,2,1355,68,Parbhani,yes,7163822.93
2,1,1867,54,Kalyan,yes,9531745.16
3,1,2161,0,Agartala,yes,10831322.08
3,2,1720,3,Vijayawada,yes,8815916.09
2,2,1707,25,Jalandhar,yes,8661640.77
2,1,1382,66,Saharanpur,yes,5703314.86
3,1,1656,50,Mysore,yes,10680353.99
2,2,1767,19,Amritsar,yes,8770916.63
3,1,1362,47,Bhilai,yes,8117514.88
3,2,1651,22,Panipat,yes,8206701.95
4,2,2158,57,Panipat,yes,9995182.1
4,2,2060,19,Bhiwandi,yes,9548385.16
4,2,1920,48,Ajmer,yes,10255706.27
1,2,2234,1,Tiruchirappalli,yes,10371548.96
2,1,968,84,Saharanpur,yes,4912236.2
3,2,1525,7,Delhi,yes,11599692.63
4,1,1802,86,Arrah,yes,7345406.86
3,1,1340,50,Raipur,yes,5301438.45
3,2,2082,5,Meerut,yes,10040503.09
3,1,1252,98,Navi Mumbai,yes,6399981.11
4,2,3608,114,Guntur,yes,19890395.71
3,2,1217,19,Surat,yes,5609873.24
3,2,1656,93,Raurkela,yes,8018223.24
2,0,1224,30,Mumbai,yes,9604720.12
0,1,1593,7,Tiruchirappalli,yes,7579120.96
3,2,2727,75,Raipur,yes,15323795.21
4,1,1479,35,Arrah,yes,7175377.0
3,2,1431,10,Dhanbad,yes,6578196.38
3,2,1709,2,Chandigarh,yes,9277056.37
3,1,864,36,Parbhani,yes,4686283.8
3,2,1456,33,Mathura,yes,6853233.12
3,2,1726,0,Ujjain,yes,8365032.87
4,2,3112,88,Thane,yes,13791355.27
5,1,2229,97,Coimbatore,yes,9648989.41
3,2,1713,5,Kochi,yes,8096054.89
2,2,1121,7,Mumbai,yes,8437086.05
3,2,1279,31,Visakhapatnam,yes,6256508.36
2,2,1310,82,Etawah,yes,6202737.66
1,1,848,4,Pune,yes,4935130.4
2,1,1284,62,Siliguri,yes,7479045.34
3,2,1442,19,Agartala,yes,6824299.61
3,1,1696,45,Mangalore,yes,9262982.63
3,1,1100,48,Jaipur,yes,5029782.04
3,2,2062,19,Agra,yes,9613081.54
3,1,1092,44,Moradabad,yes,5777828.3
2,1,864,83,Srinagar,no,4537263.75
3,2,1212,1,Jabalpur,yes,5570474.2
3,2,1852,0,Kalyan,yes,9746718.23
3,1,990,11,Howrah,yes,5388353.15
3,1,1392,33,Karimnagar,yes,6758490.4
2,1,1236,49,Udaipur,yes,5511810.37
3,2,1436,4,Madurai,yes,8021743.4
3,1,1328,81,Mysore,no,7078127.07
3,1,1954,69,Tiruchirappalli,yes,10042257.59
2,2,1248,1,Bhiwandi,yes,5853662.68
2,2,1498,0,Guwahati,yes,7349913.58
4,2,2267,7,Dhanbad,yes,11694637.45
3,2,1552,31,Meerut,yes,6307263.48
2,1,864,38,Jaipur,yes,4707967.18
3,2,2392,6,Bangalore,yes,14605819.89
3,2,1302,38,Malegaon,yes,7381105.53
4,2,2520,12,Chennai,yes,15727686.99
2,1,987,38,Bhiwandi,yes,5109871.76
3,1,912,43,Kolhapur,yes,4116396.59
2,2,1555,4,Pune,yes,8446832.86
3,1,1194,51,Raurkela,yes,6312434.73
4,2,2794,14,Ranchi,yes,15398023.57
2,1,987,34,Bharatpur,yes,4991585.42
3,1,894,34,Meerut,yes,4305868.73
4,2,1960,8,Firozabad,yes,8744110.41
2,1,987,37,Vadodara,yes,4988232.42
3,2,1414,6,Howrah,yes,7118254.1
3,2,1744,17,Ranchi,yes,8320197.74
3,2,1694,0,Mysore,yes,6667886.04
3,1,1487,65,Mysore,yes,5871843.73
3,2,1566,2,Arrah,yes,8582160.18
2,1,866,62,Bhiwandi,yes,3721360.5
3,1,1440,106,Dehradun,no,7692875.52
3,1,1217,29,Udaipur,yes,5894748.28
3,2,2110,16,Bareilly,yes,10109738.29
3,2,1872,18,Belgaum,yes,9450361.36
4,2,1928,96,Aligarh,no,8304227.9
2,1,1375,52,Bhubaneswar,yes,6112261.36
3,2,1668,4,Siliguri,yes,8346480.54
4,2,2144,49,Guwahati,yes,10805343.94
3,1,1306,70,Guwahati,yes,7034341.8
2,2,1625,1,Navi Mumbai,yes,8208457.51
3,2,1640,4,Bhubaneswar,yes,8189573.09
3,2,1302,43,Amritsar,yes,6121006.89
3,1,1314,53,Chennai,yes,7416339.42
4,2,2291,7,Bhubaneswar,yes,10519548.95
3,2,1728,5,Jammu,yes,9683670.29
3,2,1604,3,Mumbai,yes,13279873.59
3,2,1792,7,Hubli,yes,8080904.8
2,1,882,52,Anantapur,yes,3857683.34
3,1,1382,47,Nagpur,yes,8100526.88
3,2,2574,0,Meerut,yes,12259549.9
3,1,1212,29,Erode,yes,5902089.11
3,1,1316,81,Mathura,yes,6348905.4
2,1,764,83,Ludhiana,no,3572808.93
3,2,1422,27,Varanasi,yes,7472589.32
3,2,1511,9,Kanpur,yes,6368213.37
4,2,2192,69,Tiruchirappalli,yes,11329626.63
2,1,778,68,Anantapur,yes,3833452.3
3,1,1113,31,Jalandhar,yes,5568844.24
3,2,1939,0,Jhansi,yes,9327906.92
2,1,1363,54,Srinagar,yes,7462699.69
4,2,2270,11,Guwahati,yes,12259207.02
3,2,1632,51,Coimbatore,yes,8670565.22
2,1,816,25,Rajkot,yes,3691315.24
3,2,1548,84,Hyderabad,no,9520515.73
3,2,1560,7,Malegaon,yes,6927413.02
2,1,864,59,Noida,yes,4668534.87
3,2,2121,1,Ujjain,yes,11780849.16
4,2,2022,31,Ahmedabad,yes,8398848.92
3,2,1982,18,Vadodara,yes,11928974.9
2,2,1262,0,Kanpur,yes,5726672.32
2,2,1314,2,Madurai,yes,5224340.35
3,2,1468,1,Raurkela,yes,7758779.27
2,2,1575,15,Parbhani,yes,6565867.12
2,2,1250,1,Guntur,yes,7382258.51
3,1,1734,44,Bhiwandi,yes,8453453.84
3,1,858,35,Bhilai,yes,4450812.85
3,1,900,43,Agartala,yes,4248379.88
3,1,1396,92,Cuttack,yes,7258811.26
3,2,1919,0,Guntur,yes,9126171.71
6,2,1716,96,Amritsar,no,7776947.68
3,1,1716,60,Jammu,yes,8095060.06
3,2,2263,29,Bhopal,yes,12660008.91
3,1,1644,56,Amravati,yes,9333116.41
3,1,1003,22,Cuttack,yes,5031051.48
4,1,1558,57,Kurnool,yes,7493070.29
3,2,1950,10,Meerut,yes,10132036.18
3,1,1743,39,Erode,yes,8235645.28
3,1,1152,59,Meerut,yes,6198636.5
2,1,1336,53,Jhansi,yes,5210126.76
4,2,2452,9,Kalyan,yes,14982982.58
3,2,1541,5,Ahmedabad,yes,7816723.76
3,1,894,34,Kolkata,yes,4983310.2
3,3,3493,128,Mangalore,yes,15251325.67
3,2,2000,3,Warangal,yes,9454722.65
4,2,2243,17,Agra,yes,11341611.97
3,1,1406,88,Jamshedpur,yes,7517898.93
1,1,861,69,Nagpur,yes,4415516.35
3,2,1944,3,Meerut,yes,9111010.16
3,2,1501,13,Chandigarh,yes,7793143.26
2,1,972,61,Panipat,yes,5194989.38
3,1,1118,67,Ahmedabad,yes,5349204.01
3,2,2036,44,Dehradun,yes,10635937.0
3,1,1641,81,Bikaner,yes,9281917.14
3,2,1432,5,Jalandhar,yes,6333234.69
4,2,2353,29,Jalgaon,yes,11543787.16
3,2,1959,1,Bareilly,yes,12375987.76
4,2,2646,16,Bhiwandi,yes,14470281.98
3,2,1472,29,Guntur,yes,7935236.75
4,3,2596,0,Parbhani,yes,13152854.89
4,2,2468,3,Varanasi,yes,14229408.03
4,2,2730,21,Dhanbad,yes,11776903.51
3,1,1163,51,Meerut,yes,7314201.37
5,2,2978,43,Tiruchirappalli,yes,13528993.49
2,1,803,66,Faridabad,no,3703714.81
1,1,1719,15,Parbhani,yes,8858239.18
3,1,1383,46,Meerut,yes,6662790.2
5,2,2134,93,Belgaum,no,10300857.43
3,1,1192,89,Agra,no,6263519.69
6,2,1728,43,Ahmedabad,yes,10272454.84
3,1,1056,49,Bharuch,yes,5252517.03
3,2,1629,6,Mysore,yes,8612220.98
2,2,1358,4,Shimla,yes,5345493.34
3,2,1638,10,Etawah,yes,6309092.38
3,2,1786,43,Thane,yes,8182039.65
3,2,1922,2,Indore,yes,10433196.19
3,2,1536,6,Nellore,yes,7651445.46
3,2,1621,22,Chandigarh,yes,8117082.31
3,1,1215,51,Madurai,yes,5288732.32
4,2,1908,8,Udaipur,yes,8897240.29
2,1,841,59,Bhilai,yes,4326903.99
2,2,1040,57,Arrah,no,4616690.5
2,2,1684,3,Dehradun,yes,8146914.35
3,1,1112,34,Allahabad,yes,4958226.24
3,1,1577,67,Bharuch,yes,6753319.31
2,1,958,47,Belgaum,yes,5091445.92
3,2,1478,49,Mathura,yes,8614455.07
2,2,1626,5,Bharuch,yes,7494313.49
4,2,2728,1,Allahabad,yes,14173536.03
2,2,1869,0,Ranchi,yes,7375155.0
2,1,1453,20,Pune,yes,9018116.82
3,1,1111,67,Agartala,no,4771732.99
2,1,720,82,Srinagar,yes,2869921.39
2,1,1595,66,Nellore,yes,7848027.5
3,2,1200,12,Anantapur,yes,6933472.86
3,2,1167,17,Meerut,yes,5038602.86
3,1,1142,31,Firozabad,yes,6783036.6
3,1,1352,48,Vasai,yes,6221963.01
3,2,1924,8,Bhilai,yes,9315850.02
2,1,912,29,Kanpur,yes,4114916.76
3,1,1505,68,Guntur,yes,6722941.7
4,3,1922,6,Kochi,yes,9989240.27
2,1,987,37,Amritsar,yes,5933207.94
3,2,1574,30,Sangli,yes,7794980.91
3,1,1344,89,Kolhapur,yes,7933138.57
3,1,1394,46,Mangalore,yes,6860995.5
3,1,1431,46,Bikaner,yes,6907513.52
2,1,1268,56,Chandigarh,yes,6947455.05
3,1,1287,51,Coimbatore,yes,6030897.25
3,2,1664,6,Panipat,yes,8478968.44
4,2,1588,49,Amritsar,yes,8970672.59
2,1,752,26,Mangalore,yes,3164354.12
3,1,1319,56,Gwalior,yes,6393642.25
4,2,1928,4,Kalyan,yes,10954705.98
1,0,904,87,Kanpur,no,4098715.26
2,1,914,10,Bikaner,yes,3801810.08
4,3,2466,3,Lucknow,yes,13637219.63
1,1,1856,0,Varanasi,yes,8316605.42
3,2,1800,9,Howrah,yes,8707976.68
3,2,1691,86,Faridabad,yes,8701081.1
2,2,1301,0,Salem,yes,6577745.91
3,2,1797,1,Ujjain,yes,8694103.88
2,1,784,81,Siliguri,no,3644039.4
3,2,1953,15,Kurnool,yes,9700800.21
2,2,1269,6,Jamshedpur,yes,5890196.22
5,1,1184,96,Mangalore,yes,7010501.29
3,1,1125,33,Jalandhar,yes,5727289.83
3,2,1479,9,Gwalior,yes,5914969.37
3,2,2332,1,Ludhiana,yes,12807040.3
4,1,1367,108,Jalandhar,yes,7199014.4
3,2,1961,8,Amravati,yes,10159309.79
3,1,882,48,Parbhani,yes,3895303.04
2,1,788,65,Raurkela,yes,3811738.82
2,1,1034,67,Warangal,yes,5394547.57
3,1,1144,54,Bareilly,yes,5651814.99
2,1,894,37,Udaipur,yes,5224881.89
4,2,1812,45,Howrah,yes,7977705.85
2,1,1077,87,Madurai,yes,3836580.21
2,2,1550,3,Chandigarh,yes,9236043.16
1,1,1288,12,Varanasi,yes,6598082.94
3,2,1310,1,Malegaon,yes,4623120.07
2,1,672,68,Saharanpur,yes,3979525.26
4,2,2263,8,Jhansi,yes,13153031.32
3,2,1572,12,Erode,yes,8440234.75
3,2,1620,33,Gorakhpur,yes,7827010.38
3,1,1639,72,Vadodara,yes,8086250.08
4,2,1680,93,Saharanpur,yes,9964455.74
3,2,2172,1,Jammu,yes,10497937.04
3,2,2078,1,Warangal,yes,11206928.06
3,1,1276,51,Erode,yes,6784815.83
3,1,1056,51,Agra,no,6301148.67
2,2,1478,1,Siliguri,yes,7451610.55
2,1,1028,83,Vijayawada,yes,6106578.24
3,2,2097,15,Hubli,yes,9632268.4
3,2,1340,0,Kochi,yes,6514637.71
3,1,1400,28,Jhansi,yes,6152454.9
4,2,2624,89,Varanasi,no,13260365.36
3,1,1134,67,Bareilly,no,4317483.28
3,1,1056,42,Parbhani,yes,4571971.55
2,2,1344,11,Mysore,yes,6204248.27
3,2,1602,32,Guwahati,yes,8762014.37
2,1,988,54,Ranchi,yes,4512802.19
4,2,2630,10,Firozabad,yes,13503720.18
2,1,1196,52,Meerut,yes,5553594.41
3,1,1389,63,Parbhani,yes,6824772.95
2,2,1644,20,Erode,yes,8231526.9
3,1,907,51,Salem,yes,4395964.03
2,2,1208,0,Varanasi,yes,6014401.87
3,2,1412,21,Allahabad,yes,7453913.16
2,1,987,37,Jalgaon,yes,5222045.13
4,1,1198,88,Kochi,yes,5521314.25
2,1,1365,36,Mathura,yes,7185939.16
3,2,1604,11,Parbhani,yes,7497936.12
1,1,630,36,Ludhiana,yes,3059192.18
3,2,1661,13,Mysore,yes,7707484.7
2,1,1118,86,Ludhiana,yes,6312973.47
2,1,904,83,Navi Mumbai,yes,4353504.23
2,1,694,94,Belgaum,no,4090748.0
3,1,1196,89,Thane,yes,6231579.34
2,2,2402,1,Rampur,yes,11992501.78
4,2,1440,53,Mumbai,no,12233102.09
3,2,1573,78,Siliguri,yes,7817260.99
2,2,1258,1,Firozabad,yes,6681052.39
4,2,1908,14,Kolhapur,yes,10165787.65
3,1,1689,53,Panipat,yes,8240548.83
2,2,1888,44,Srinagar,yes,9138847.61
4,2,1886,8,Aligarh,yes,9967708.35
3,2,1376,69,Mysore,yes,5447324.73
2,1,1183,59,Siliguri,yes,5323221.52
2,1,813,76,Kurnool,yes,3338537.57
2,2,1533,31,Bhopal,yes,9164429.1
3,2,1756,11,Dhanbad,yes,8516206.81
3,2,1590,1,Jammu,yes,7361485.98
4,2,1728,30,Indore,yes,9454304.69
3,1,1242,34,Jalgaon,yes,5457218.49
4,1,1344,92,Guwahati,no,6510542.48
2,1,1663,54,Erode,yes,8233732.63
3,1,1666,83,Ghaziabad,yes,8266156.41
3,1,1203,59,Bhilai,yes,6569144.89
3,2,1935,0,Mumbai,yes,15864745.56
3,1,1135,73,Nellore,yes,6089197.76
3,1,864,44,Loni,yes,4626446.7
3,1,1660,74,Noida,yes,8186247.64
3,2,1040,31,Jalgaon,yes,4810575.72
2,2,1414,2,Thane,yes,6715632.23
2,1,1277,37,Jalandhar,yes,6353067.26
3,1,1644,65,Gwalior,yes,8583163.3
3,2,1634,1,Chennai,yes,9106671.46
3,2,1710,15,Udaipur,yes,8799740.84
1,1,1502,25,Patna,yes,6876729.61
3,2,1969,30,Jaipur,yes,9580670.71
2,1,1072,3,Loni,yes,5623024.54
2,2,1976,1,Kanpur,yes,10380761.1
2,2,1652,7,Jaipur,yes,7989165.45
2,1,970,44,Guntur,yes,4774707.25
3,2,1493,11,Patna,yes,7690387.35
3,2,2643,1,Kochi,yes,13118862.98
3,2,1718,2,Salem,yes,9291052.95
2,1,1131,70,Vadodara,yes,6252847.67
3,2,1850,2,Kurnool,yes,10491620.23
2,2,1792,3,Bharatpur,yes,9414728.43
4,1,1826,94,Panipat,yes,9341125.62
2,2,1216,8,Vijayawada,yes,6539065.78
3,1,999,45,Delhi,yes,7812555.63
3,1,1113,59,Bhilai,yes,5441377.02
3,1,1073,42,Noida,yes,5326871.86
3,2,1484,36,Amritsar,yes,6441381.6
3,2,2414,106,Moradabad,no,11872202.54
1,1,630,39,Varanasi,yes,3220960.92
3,1,1304,32,Mumbai,yes,10897127.71
3,1,1578,65,Kalyan,yes,7783772.52
3,2,1456,0,Aligarh,yes,6913762.17
3,1,1269,48,Varanasi,yes,6072960.36
2,1,886,71,Indore,yes,4440121.39
2,1,720,89,Jaipur,no,3288298.11
4,3,3228,15,Mangalore,yes,15315329.43
4,2,1820,83,Guntur,yes,9429825.48
3,1,899,42,Mysore,yes,4141284.9
2,1,912,49,Nellore,yes,4732690.08
3,1,1218,34,Raipur,yes,5710189.08
3,2,1768,3,Ajmer,yes,7984185.69
2,1,1214,42,Vadodara,yes,5626629.74
1,2,1801,51,Rampur,yes,8041113.04
3,2,1322,35,Varanasi,yes,5190062.64
4,2,1960,57,Saharanpur,yes,10038383.74
3,2,1911,13,Jaipur,yes,10525696.27
2,2,1218,0,Erode,yes,6101927.81
3,2,1378,80,Vadodara,yes,7722725.94
3,1,1041,50,Vadodara,yes,5431989.74
2,1,1363,58,Mangalore,yes,7325127.41
2,2,1368,1,Srinagar,yes,7554316.58
3,1,864,48,Amravati,yes,4707595.67
3,1,1080,24,Dhanbad,yes,5826525.76
2,1,789,81,Guwahati,no,4242728.21
3,2,2020,0,Bareilly,yes,10132441.93
3,2,2119,37,Amravati,yes,10806809.58
3,2,2344,13,Bhiwandi,yes,11269673.96
3,2,1796,9,Thane,yes,9707029.63
3,1,2080,83,Belgaum,yes,9047658.59
3,2,1294,108,Ajmer,no,6729087.43
3,1,1244,50,Bharuch,yes,6887806.34
3,2,1664,59,Kolhapur,yes,8959660.13
3,3,4676,0,Dhanbad,yes,21269361.01
3,2,2398,11,Vijayawada,yes,12883020.95
3,2,1266,1,Amritsar,yes,6227291.77
2,1,928,51,Bhubaneswar,yes,4715274.89
3,2,2713,0,Jabalpur,yes,13798156.2
2,1,605,87,Pune,yes,3822012.04
4,3,2515,50,Arrah,yes,12223313.86
3,2,1509,20,Bangalore,yes,10725833.86
3,2,1362,88,Rampur,yes,6139572.98
2,1,827,55,Belgaum,yes,4040452.99
1,1,334,61,Mumbai,no,2623053.9
3,2,1414,2,Siliguri,yes,8353302.93
3,1,1347,98,Bangalore,yes,9550566.24
3,2,1724,10,Delhi,yes,11732916.85
3,1,864,36,Varanasi,yes,4968524.93
3,1,1159,38,Guwahati,yes,6107663.54
3,2,1601,9,Saharanpur,yes,8351518.78
2,2,1838,3,Vadodara,yes,10036808.82
4,2,2285,7,Mumbai,yes,15537203.65
3,2,1680,11,Ghaziabad,yes,8300242.85
1,1,767,9,Aligarh,yes,3470293.35
3,2,1496,0,Madurai,yes,7034305.28
4,2,2183,18,Guwahati,yes,9735581.55
3,1,1635,84,Guwahati,yes,10704320.95
2,1,768,37,Vadodara,yes,3442950.53
2,1,825,53,Salem,yes,3637419.12
4,2,2094,6,Hyderabad,yes,12979731.77
2,2,1069,31,Jammu,yes,6634868.0
3,1,928,51,Patna,yes,5360160.5
3,2,1717,3,Jaipur,yes,9431489.46
2,2,1126,60,Tiruchirappalli,yes,5224713.76
3,2,2046,5,Nashik,yes,9631468.53
2,1,1048,84,Chandigarh,yes,5520313.87
2,1,1092,49,Bhubaneswar,yes,5818628.28
3,1,1336,86,Ajmer,yes,6925958.68
3,2,1446,12,Kolkata,yes,7493639.05
2,2,1557,3,Kolhapur,yes,7236839.41
3,1,1392,53,Kolhapur,yes,7276613.6
2,1,1389,32,Cuttack,yes,6615818.64
3,1,996,68,Ahmedabad,yes,5007265.3
4,2,1674,90,Nellore,yes,9316094.16
4,2,2295,14,Belgaum,yes,12330959.12
4,1,1647,95,Patna,no,8203090.29
4,2,2504,3,Delhi,yes,18898027.72
3,2,1535,6,Cuttack,yes,8258878.45
1,1,2132,26,Kolhapur,yes,9059593.78
2,1,943,27,Karimnagar,yes,4128151.06
6,2,1728,43,Ajmer,yes,7323990.61
2,1,864,47,Coimbatore,yes,3718698.06
3,2,1692,0,Parbhani,yes,8771945.8
3,2,1430,7,Hyderabad,yes,9813318.11
3,1,1109,36,Bhilai,yes,4685068.51
2,1,1216,61,Ajmer,yes,5551824.25
3,2,1477,81,Dehradun,yes,7853836.23
3,1,1320,40,Dhanbad,yes,6016978.88
2,2,1392,1,Cuttack,yes,6843874.98
4,2,1795,54,Noida,no,8876358.17
3,1,1429,47,Jalandhar,yes,6004978.67
3,2,2042,1,Jammu,yes,10343333.07
3,1,816,17,Bhopal,yes,4484163.42
3,3,2775,115,Bharuch,yes,11739825.78
3,1,1573,74,Howrah,yes,7961166.39
2,2,2028,1,Hubli,yes,9784828.73
2,1,838,90,Kurnool,yes,3895328.44
2,1,860,27,Rajkot,yes,4296038.31
1,1,1473,41,Mumbai,yes,10486149.33
2,1,935,78,Mathura,yes,4403262.24
3,2,1582,4,Howrah,yes,8491265.72
3,2,2296,1,Delhi,yes,16606653.43
2,1,816,26,Anantapur,yes,3589166.55
1,1,848,6,Kurnool,yes,4574706.77
3,1,924,33,Warangal,yes,4052104.15
3,2,1826,1,Salem,yes,8498398.46
3,1,1368,96,Bhubaneswar,no,5755601.72
2,0,1402,1,Ujjain,yes,6969882.39
3,2,1647,29,Kolkata,yes,9619521.16
3,2,1556,28,Ghaziabad,yes,7340906.52
3,2,1904,1,Amritsar,yes,8614806.78
3,1,1375,70,Vasai,yes,7459105.23
3,2,1915,14,Cuttack,yes,11006327.09
2,2,1200,6,Cuttack,yes,5899602.05
3,2,1494,6,Ujjain,yes,8258732.8
3,2,1986,44,Ludhiana,yes,11290161.17
3,1,1040,13,Jamshedpur,yes,6027694.27
3,3,2008,58,Amravati,yes,11174903.23
4,2,3194,73,Sangli,yes,16047519.98
3,1,1029,46,Cuttack,yes,5427758.12
3,2,2153,9,Vadodara,yes,11488865.51
3,2,1032,29,Noida,yes,5247655.93
3,2,1872,8,Guwahati,yes,9519102.92
3,1,1120,0,Hubli,yes,4976428.56
1,1,630,38,Thane,yes,2807999.23
3,1,1054,47,Gorakhpur,yes,4723143.27
3,2,1509,4,Tiruchirappalli,yes,7873854.0
2,1,832,54,Udaipur,yes,3879650.41
3,2,1828,0,Kurnool,yes,10561128.94
4,2,2262,5,Raurkela,yes,10602885.09
2,1,864,94,Kurnool,no,4841528.61
4,2,2614,34,Jammu,yes,15419956.38
3,1,980,32,Hapur,yes,5434420.11
2,2,1512,7,Patna,yes,7448044.08
4,1,1790,34,Moradabad,yes,8350497.62
3,1,1116,48,Ghaziabad,yes,5155023.04
3,1,1422,47,Ranchi,yes,7609446.13
3,1,1520,55,Sangli,yes,8645554.91
5,1,2080,38,Bikaner,yes,8407832.51
3,1,1350,44,Amritsar,yes,4971332.76
3,1,1750,126,Patna,yes,6823408.64
2,2,1554,1,Gwalior,yes,7776466.24
3,2,1411,32,Thane,yes,8095583.08
3,1,1056,53,Rajkot,yes,5863562.99
0,0,1056,30,Bangalore,yes,6763141.55
8,2,3395,93,Vasai,yes,16057937.16
1,1,800,73,Howrah,no,4113330.56
3,2,1387,55,Warangal,yes,7027440.97
2,1,796,98,Pune,yes,4547295.44
1,2,1567,0,Gwalior,yes,7075854.0
1,1,1518,5,Chennai,yes,9967183.8
3,2,1929,6,Agartala,yes,9472488.11
4,2,2704,37,Firozabad,yes,13752421.65
4,2,1620,38,Chandigarh,yes,7895445.69
2,2,1766,0,Navi Mumbai,yes,11091388.96
3,1,981,36,Jalandhar,yes,5232058.2
3,1,1048,58,Amravati,yes,5121032.24
3,1,1094,55,Kalyan,yes,5617787.14
4,1,1839,44,Rampur,yes,9186221.37
1,1,630,37,Udaipur,yes,2851166.02
3,2,1665,1,Vadodara,yes,7467358.78
4,1,1510,69,Firozabad,yes,6823256.71
2,2,1716,13,Kochi,yes,9042313.97
3,1,1469,102,Visakhapatnam,yes,9034475.27
2,2,2113,13,Cuttack,yes,10703438.34
3,1,1092,39,Bharatpur,yes,6287872.32
3,1,1053,49,Gwalior,yes,4691022.32
3,1,1502,77,Udaipur,yes,6913293.51
3,1,1458,62,Noida,yes,6816516.97
3,1,1486,45,Nashik,yes,7056700.03
3,2,1935,31,Jaipur,yes,8363872.18
4,2,2448,15,Chandigarh,yes,13360448.59
2,1,1392,41,Jammu,yes,5573972.97
3,2,1181,36,Tiruchirappalli,yes,6069462.17
1,1,2097,1,Ajmer,yes,8691680.06
3,2,1936,6,Cuttack,yes,8995510.72
3,2,2380,42,Bangalore,yes,14633587.91
3,2,1679,14,Chandigarh,yes,7898554.51
3,1,1437,50,Allahabad,yes,7182150.49
2,1,1180,84,Gwalior,yes,5918119.18
3,2,1476,4,Noida,yes,7042385.18
3,2,1369,84,Faridabad,no,6811049.63
3,1,1208,29,Meerut,yes,5941485.1
3,2,1839,50,Amravati,yes,8243243.88
3,1,1136,43,Meerut,yes,5302103.03
3,2,1441,31,Jaipur,yes,7567249.1
4,2,1774,106,Chennai,no,12481477.3
2,1,792,85,Pune,yes,4722721.96
3,2,2046,1,Moradabad,yes,10233763.51
3,1,988,46,Agra,yes,4661390.61
2,2,923,30,Lucknow,yes,4902435.97
3,1,1520,77,Ranchi,yes,6309599.38
2,1,1291,12,Chennai,yes,7202699.87
3,2,1668,5,Bhiwandi,yes,7371003.98
4,2,1839,12,Visakhapatnam,yes,8719206.89
3,2,2090,23,Bhopal,yes,11347011.74
3,3,1761,0,Nashik,yes,9876727.5
2,2,1102,3,Bharuch,yes,5559191.08
2,2,1419,0,Gorakhpur,yes,6099766.91
2,2,1362,2,Etawah,yes,5709480.05
1,1,848,4,Meerut,yes,5090940.01
4,3,4316,13,Chandigarh,yes,21544320.77
4,2,2519,17,Ajmer,yes,11520328.04
2,1,1073,85,Bhilai,yes,6162349.22
3,1,1539,73,Etawah,yes,6587226.63
2,2,1137,19,Kolkata,yes,6078386.64
2,1,616,85,Saharanpur,yes,3133632.1
2,1,1148,54,Ahmedabad,yes,6628711.77
3,1,894,45,Tiruchirappalli,yes,4690213.6
2,2,1391,4,Raipur,yes,6506696.74
3,2,1800,4,Amravati,yes,8498075.8
3,1,1164,37,Belgaum,yes,5178671.67
4,2,2576,0,Amritsar,yes,11873558.27
4,2,1812,110,Bareilly,yes,8274055.94
3,2,1484,6,Ajmer,yes,7163407.74
3,2,1092,80,Aligarh,no,4835352.62
2,2,1824,36,Srinagar,yes,9924921.49
2,2,1324,3,Amravati,yes,5609713.52
3,2,1456,0,Rampur,yes,7861568.78
3,1,904,42,Delhi,yes,6904360.11
2,1,729,73,Sangli,yes,3278752.14
2,1,1178,110,Erode,yes,5427270.75
2,2,1228,20,Ajmer,yes,5245634.94
3,1,960,36,Bangalore,no,5398342.16
3,2,1479,34,Rajkot,yes,7971722.8
3,2,1350,35,Ujjain,yes,7394089.19
3,1,2554,117,Delhi,yes,18748349.78
3,1,1178,35,Hyderabad,yes,7023835.02
3,2,2418,15,Howrah,yes,13262572.61
3,1,971,37,Amravati,yes,4207326.31
2,2,1742,21,Dehradun,yes,8969445.85
1,1,848,6,Pune,yes,4299595.67
3,1,864,39,Mysore,yes,4393138.85
4,2,1470,54,Coimbatore,yes,8524557.35
3,2,1698,2,Agra,yes,8934657.93
3,1,864,39,Ujjain,yes,4532320.93
3,2,1680,21,Aligarh,yes,9191576.03
2,2,1232,2,Kochi,yes,6108436.11
4,2,1776,51,Nagpur,yes,8834924.32
2,1,1208,84,Vadodara,yes,5332385.22
2,2,1616,15,Saharanpur,yes,7291398.7
3,2,1146,4,Nashik,yes,6705293.09
3,2,2031,10,Howrah,yes,10295375.97
3,1,1144,48,Vadodara,yes,4920296.15
3,1,948,39,Panipat,yes,4386739.26
2,1,1768,92,Mysore,no,9910246.24
2,2,1040,56,Rajkot,no,4472060.35
3,2,1801,1,Bhilai,yes,9233505.79
3,3,1200,22,Guntur,yes,5750159.85
3,2,1728,5,Lucknow,yes,9461256.96
2,2,1432,97,Allahabad,yes,6688526.38
3,1,912,47,Visakhapatnam,yes,4502704.15
3,2,1349,7,Karimnagar,yes,6694770.14
3,2,1464,46,Tiruchirappalli,yes,6287794.01
2,2,1337,15,Gwalior,yes,5128370.23
4,3,2715,32,Kolhapur,yes,13709027.28
4,2,2256,9,Kochi,yes,12174289.41
4,1,2640,129,Saharanpur,no,12485742.46
3,2,1720,14,Thane,yes,9482751.04
4,2,1529,64,Coimbatore,no,7164575.24
3,1,1140,100,Agartala,yes,5091234.34
3,2,1320,4,Ujjain,yes,5793237.28
3,2,1494,9,Loni,yes,6941205.07
3,2,2098,1,Gorakhpur,yes,11598239.94
3,1,1026,40,Kochi,yes,5053560.46
3,2,1471,10,Vasai,yes,7463886.7
3,2,1768,2,Bhilai,yes,11105756.61
3,2,1386,32,Dhanbad,yes,7338010.94
3,2,1501,9,Kochi,yes,7391997.91
4,2,2531,12,Surat,yes,12591429.93
2,1,864,50,Bharuch,yes,3731978.45
2,1,1301,85,Mangalore,yes,5285000.38
3,2,1547,1,Hapur,yes,6783552.48
3,2,2365,10,Mathura,yes,10531493.01
2,1,1494,11,Meerut,yes,7368173.62
2,2,1506,0,Vadodara,yes,8172032.07
3,2,1714,22,Jaipur,yes,8284631.9
4,2,1750,68,Shimla,yes,7669577.6
3,2,1836,2,Shimla,yes,9357633.56
4,3,3279,7,Karimnagar,yes,16354019.88
2,1,858,27,Agartala,yes,4798583.42
2,1,1220,55,Guntur,yes,6448353.95
3,1,1117,34,Meerut,yes,5186400.98
2,1,912,49,Gwalior,yes,4343812.53
3,2,1973,1,Karimnagar,yes,9757819.16
2,2,1204,11,Dhanbad,yes,5765247.29
3,2,1614,1,Kanpur,yes,6658659.65
3,1,894,32,Sangli,yes,4317634.51
4,2,2020,30,Visakhapatnam,yes,10125967.2
2,1,1004,29,Meerut,yes,4617946.01
3,2,1253,12,Madurai,yes,6693817.72
3,2,1603,14,Bhilai,yes,8862320.92
3,2,1430,8,Delhi,yes,9701975.75
1,1,1110,31,Coimbatore,yes,5212850.97
3,2,1484,94,Jhansi,yes,8700021.73
3,2,1342,42,Kanpur,yes,6030059.0
4,2,1652,95,Jalandhar,yes,7223695.13
4,2,2084,6,Moradabad,yes,8793986.35
2,1,901,54,Visakhapatnam,yes,4770262.16
5,2,2087,41,Ajmer,yes,11334481.31
2,2,1145,4,Jammu,yes,6181767.7
3,1,1062,31,Hubli,yes,5457727.26
3,2,2013,11,Mangalore,yes,10014141.65
3,2,1496,0,Etawah,yes,8135205.77
3,2,1895,14,Dhanbad,yes,9428791.04
3,2,1564,30,Firozabad,yes,8426797.49
3,1,1285,30,Parbhani,yes,5496099.39
2,1,773,55,Ujjain,yes,4034839.94
4,3,3140,1,Cuttack,yes,17637510.62
3,1,1768,70,Loni,yes,8929933.08
4,2,1688,11,Jalgaon,yes,7998982.71
2,1,1196,91,Hyderabad,yes,7045035.91
3,2,1456,3,Loni,yes,7473760.97
4,3,2822,1,Raurkela,yes,13168648.12
2,1,1128,52,Mangalore,yes,5536445.69
3,2,1428,0,Kanpur,yes,5474734.33
3,2,980,39,Jalgaon,yes,5035529.16
3,1,1576,86,Panipat,yes,8578145.08
3,1,1086,40,Jalandhar,yes,5590955.81
2,2,2138,111,Patna,no,10226615.61
3,1,1309,32,Mangalore,yes,6584696.72
1,1,848,4,Navi Mumbai,yes,4439719.06
2,1,1044,58,Aligarh,no,4228972.86
4,1,1442,49,Moradabad,yes,7083204.35
3,1,1250,88,Howrah,yes,6345348.36
3,2,1661,12,Gwalior,yes,7151308.12
2,1,1008,52,Arrah,yes,5276908.3
3,2,1689,6,Shimla,yes,9121081.39
3,1,1052,39,Vadodara,yes,5896735.53
2,2,1358,1,Visakhapatnam,yes,7553470.06
3,2,1640,5,Dehradun,yes,7582321.63
2,1,936,56,Jaipur,no,5385077.12
3,2,1733,4,Noida,yes,9301217.77
3,2,1489,69,Karimnagar,yes,7758809.55
3,2,1489,0,Ranchi,yes,6502977.96
2,2,2084,1,Kurnool,yes,11836889.7
2,1,784,84,Thane,yes,4594056.83
3,2,1434,8,Cuttack,yes,6149850.17
3,2,2126,42,Bhiwandi,yes,9636711.24
2,2,1223,1,Meerut,yes,5868400.72
3,1,1392,51,Hubli,yes,6170814.18
2,2,1200,1,Indore,yes,6625376.08
3,2,1829,7,Vadodara,yes,9675740.25
3,1,1516,45,Cuttack,yes,7784931.37
3,1,1144,47,Srinagar,yes,5863885.68
2,2,1067,60,Ahmedabad,yes,6114295.41
2,1,1559,59,Agartala,yes,7761259.57
2,1,987,35,Firozabad,yes,5411957.55
3,1,1099,13,Amravati,yes,4967937.97
3,1,1200,62,Tiruchirappalli,yes,5144459.75
4,2,1482,83,Jamshedpur,no,6553698.46
3,2,1539,104,Noida,yes,9322416.36
3,1,1165,42,Salem,yes,5530708.15
6,2,1800,46,Bhopal,no,7942492.92
4,1,1416,93,Varanasi,yes,6872187.83
3,2,1701,32,Jabalpur,yes,8977974.81
3,2,1775,16,Amritsar,yes,10127702.32
3,1,864,37,Ludhiana,yes,5487968.31
5,3,2358,100,Guntur,yes,11551970.27
3,2,1855,31,Karimnagar,yes,10824521.13
1,1,848,4,Shimla,yes,3730868.46
2,2,1456,3,Siliguri,yes,7302089.0
4,2,1646,66,Vasai,yes,8280622.08
3,1,1445,45,Guntur,yes,7204640.12
3,1,1779,51,Allahabad,yes,8842482.39
3,1,1040,48,Kolkata,yes,5576291.9
3,1,1026,30,Kanpur,yes,4318246.42
3,2,1481,15,Madurai,yes,6927972.87
3,2,1370,33,Bhilai,yes,7566990.67
4,2,2654,38,Indore,yes,13826341.18
3,1,1426,89,Indore,yes,5676205.79
3,1,1039,45,Shimla,yes,4662379.95
3,2,1097,26,Bareilly,yes,5634293.68
3,1,1148,50,Howrah,yes,5259865.68
3,2,1372,1,Jamshedpur,yes,6783029.75
3,1,1002,39,Noida,yes,4996319.64
3,2,1646,1,Firozabad,yes,8496705.16
3,1,1120,46,Ranchi,yes,4621272.53
2,2,2320,58,Arrah,yes,9988515.62
3,2,1949,17,Jamshedpur,yes,9727003.34
2,1,894,47,Kanpur,no,3842657.38
3,2,1682,12,Aligarh,yes,8507695.04
3,1,910,55,Moradabad,yes,4249901.31
3,1,1268,60,Saharanpur,yes,4896477.44
3,1,1131,68,Agra,yes,5759428.5
4,2,2610,0,Anantapur,yes,15412959.85
3,1,1040,44,Ajmer,yes,5401171.38
4,2,2224,5,Kanpur,yes,11678614.68
3,1,1155,49,Bhilai,yes,4532822.69
3,1,864,31,Amritsar,yes,4181347.59
2,1,1090,2,Chennai,yes,6161996.76
3,2,1717,17,Guwahati,yes,9339227.08
3,2,1593,17,Bikaner,yes,9527005.99
5,1,2230,94,Faridabad,no,10366584.66
3,1,892,42,Kanpur,yes,4057326.95
2,2,1709,9,Nagpur,yes,9003112.35
4,2,1712,47,Cuttack,yes,9431237.96
3,1,1393,53,Noida,yes,7628119.75
4,2,2217,37,Erode,yes,8218866.72
2,1,1505,56,Bhilai,yes,7239456.65
3,1,924,58,Bareilly,yes,4969672.93
3,2,1683,31,Howrah,yes,7602624.5
3,1,1068,43,Nellore,yes,5458391.07
3,1,1383,54,Hubli,yes,5909222.82
4,2,1535,30,Bhilai,yes,8459966.31
4,1,1796,45,Coimbatore,yes,8325581.8
2,1,951,70,Jammu,no,4604206.84
6,2,2240,30,Madurai,yes,12849258.58
2,2,2364,1,Bhiwandi,yes,12641029.56
3,1,1236,45,Visakhapatnam,yes,5935934.05
2,1,858,36,Nashik,yes,4592593.83
2,1,1306,52,Ahmedabad,yes,6992708.33
3,2,1509,3,Rajkot,yes,8533780.77
3,2,1670,0,Vijayawada,yes,8327577.79
3,1,902,40,Ajmer,yes,4052394.15
3,1,1063,56,Kalyan,yes,5443158.5
3,2,1636,1,Hapur,yes,9336144.9
3,1,2057,70,Indore,yes,9685907.91
2,1,902,23,Saharanpur,yes,3660568.49
3,2,1484,4,Indore,yes,6688496.25
5,2,2274,50,Guntur,yes,10592705.5
3,1,1268,32,Jhansi,yes,5978242.58
3,1,1015,81,Bhilai,no,5575758.98
4,2,2002,58,Hubli,no,8327566.99
2,2,1224,0,Nashik,yes,6711123.08
3,1,1092,37,Loni,yes,4491685.34
1,0,480,57,Sangli,no,2107666.57
3,1,1229,53,Agartala,yes,5538026.73
4,2,2127,16,Saharanpur,yes,9615891.76
3,1,1414,50,Vijayawada,yes,5488107.57
3,2,1721,13,Allahabad,yes,8475977.61
4,2,2200,108,Dehradun,yes,10829812.15
3,2,1316,1,Kurnool,yes,7086158.12
2,2,1617,15,Hapur,yes,8694449.2
3,2,1686,26,Madurai,yes,7671885.61
3,2,1126,31,Varanasi,yes,5942717.15
4,2,2374,4,Srinagar,yes,13014463.71
4,2,1978,40,Chandigarh,yes,10635243.09
3,2,1788,8,Allahabad,yes,8403708.72
4,2,2236,9,Indore,yes,10401076.03
3,2,1466,2,Jaipur,yes,7032536.16
2,1,925,44,Amritsar,yes,4492794.51
3,2,1905,1,Warangal,yes,11744917.67
3,2,1500,5,Lucknow,yes,7461850.32
4,2,2069,48,Bharatpur,yes,11052995.8
1,1,747,80,Meerut,yes,3508360.32
2,2,1200,6,Guntur,yes,4920640.89
3,2,1971,4,Allahabad,yes,10666696.74
3,2,1962,0,Jalgaon,yes,9399896.36
4,2,2403,70,Jabalpur,yes,12248556.03
4,2,1728,30,Mysore,yes,10304815.79
3,2,2060,10,Hubli,yes,9728650.68
4,2,1440,30,Raurkela,yes,7132573.05
4,2,1632,40,Vijayawada,yes,9197480.25
3,1,1344,51,Varanasi,yes,6677340.87
2,1,1869,119,Visakhapatnam,yes,8613530.97
3,1,1144,47,Nellore,yes,5717288.93
3,2,1629,5,Hapur,yes,7835223.8
3,2,1776,4,Dhanbad,yes,10748781.03
3,1,1381,38,Etawah,yes,6297485.37
3,1,864,57,Navi Mumbai,yes,4472342.74
3,1,965,41,Bareilly,yes,5325152.71
2,1,768,37,Visakhapatnam,yes,4769681.02
4,2,1968,39,Shimla,yes,9099371.39
4,2,980,31,Srinagar,yes,4561691.17
4,2,1958,61,Noida,no,9394336.77
2,1,1229,29,Agra,yes,7368139.85
3,1,1057,45,Raipur,yes,5317391.36
3,2,1337,4,Ujjain,yes,8128242.94
3,2,1416,11,Noida,yes,6642505.5
2,1,858,52,Anantapur,yes,4725835.93
4,2,2872,31,Ahmedabad,yes,15490611.7
3,2,1548,31,Gorakhpur,yes,6986320.27
2,2,1800,2,Jaipur,yes,7704454.66
4,2,1894,8,Etawah,yes,8712621.12
3,2,1484,2,Firozabad,yes,7849060.94
2,1,1308,69,Loni,yes,5948351.34
3,1,1098,53,Kolkata,yes,5735467.09
2,1,968,99,Anantapur,no,4995521.7
2,1,1095,48,Kochi,yes,5148926.88
4,1,1192,57,Raipur,no,6935236.68
2,2,1626,6,Allahabad,yes,6691029.63
2,2,918,31,Vadodara,yes,4928580.32
3,2,1428,1,Jamshedpur,yes,7577201.81
3,1,2019,99,Bhubaneswar,no,8911556.14
3,2,1382,6,Cuttack,yes,6690779.4
2,1,869,83,Kalyan,yes,3543699.93
1,1,1241,1,Raurkela,yes,7052302.84
3,1,894,53,Dhanbad,yes,4589955.85
3,1,1121,46,Varanasi,yes,6098479.11
3,1,999,47,Bhubaneswar,yes,4686353.05
4,2,2612,11,Ahmedabad,yes,15520339.04
2,2,1266,1,Hubli,yes,5927145.77
4,2,2290,6,Erode,yes,11889184.66
4,2,1734,32,Gwalior,yes,8289823.25
3,1,1164,58,Ghaziabad,no,5477275.1
2,1,1635,96,Madurai,yes,7515067.12
3,2,1940,1,Patna,yes,10688500.86
4,2,2030,31,Ujjain,yes,10640808.45
3,2,1576,0,Jaipur,yes,7764995.48
3,2,2392,9,Howrah,yes,9888502.42
4,1,1742,127,Surat,yes,9749789.2
3,2,1851,43,Loni,yes,9948961.5
3,2,1500,1,Mathura,yes,7810096.37
3,2,1718,3,Pune,yes,9392406.22
3,1,1230,60,Rajkot,yes,5824923.83
3,1,1050,45,Gorakhpur,yes,5508635.18
2,2,1442,39,Bhilai,yes,6163014.36
3,1,1077,84,Arrah,no,4264653.14
2,2,1208,4,Bareilly,yes,6009999.84
2,1,944,57,Salem,no,4384067.46
2,1,691,87,Vasai,yes,3321761.22
3,2,1574,2,Moradabad,yes,8161938.83
4,2,1680,31,Chennai,yes,12312188.75
1,2,1504,4,Cuttack,yes,7781789.86
3,2,985,31,Kurnool,yes,4205313.87
3,2,1657,37,Guwahati,yes,8461785.78
3,1,1092,39,Mysore,yes,5029295.52
3,2,1710,5,Pune,yes,9676201.93
4,2,1522,80,Rampur,yes,7768716.93
4,2,1271,60,Jalgaon,yes,5634136.83
4,2,1664,45,Firozabad,no,8984880.58
3,1,1502,84,Vadodara,yes,7873982.6
2,1,1022,99,Guntur,no,4825096.57
2,1,1082,59,Pune,yes,6009285.18
3,2,1665,8,Pune,yes,10440077.83
3,2,1504,13,Moradabad,yes,8011441.39
1,1,1360,25,Ahmedabad,yes,7369566.42
3,2,1472,16,Surat,yes,7088433.59
2,2,1506,1,Rampur,yes,8653406.17
2,1,1132,3,Siliguri,yes,5377524.55
2,2,1220,0,Aligarh,yes,6661870.19
2,1,1248,77,Gorakhpur,yes,6454404.08
2,2,1504,3,Siliguri,yes,7923892.81
2,2,2898,32,Nagpur,yes,13849480.33
3,1,882,35,Ludhiana,yes,4456410.91
3,1,1264,50,Rajkot,yes,6716083.25
3,2,1646,1,Rajkot,yes,7585431.97
3,1,1376,66,Malegaon,yes,7470093.38
3,1,1218,34,Belgaum,yes,6103725.08
5,2,1928,90,Dhanbad,yes,9250299.85
5,2,3082,89,Arrah,yes,15459335.58
5,2,2520,13,Pune,yes,12593748.35
3,2,1654,4,Ghaziabad,yes,9022325.97
2,1,954,69,Jamshedpur,yes,5193944.54
3,1,845,52,Nashik,no,4796310.88
2,2,1620,2,Vadodara,yes,7438544.23
3,2,2263,7,Bhubaneswar,yes,11083664.47
3,1,1344,39,Mysore,yes,5664331.21
1,1,630,39,Hapur,yes,3187873.48
3,2,1803,49,Bikaner,yes,9444174.02
4,1,1632,42,Kanpur,yes,6595666.65
1,2,1306,4,Kanpur,yes,5889897.26
4,2,2329,18,Bhopal,yes,12772717.93
4,2,2524,28,Surat,yes,11788650.63
4,2,1733,54,Jabalpur,yes,8337678.93
4,3,2868,1,Visakhapatnam,yes,15035917.63
3,1,990,14,Shimla,yes,4715863.25
3,1,1771,49,Bareilly,yes,10044229.04
2,1,930,64,Karimnagar,yes,4505754.64
3,2,1302,0,Pune,yes,8035802.4
3,2,1316,0,Guwahati,yes,7698140.51
4,1,1977,43,Thane,yes,10989001.43
4,1,1526,53,Karimnagar,yes,7631849.24
3,2,1989,4,Jamshedpur,yes,9806284.89
3,2,1523,32,Bhiwandi,yes,7771323.18
2,2,1364,1,Agartala,yes,6161733.7
3,2,1850,15,Hyderabad,yes,9957433.55
3,2,2184,1,Faridabad,yes,10961998.66
3,1,1991,75,Gwalior,yes,10909643.17
2,2,1338,9,Jaipur,yes,7670799.38
2,1,894,73,Patna,yes,4340307.08
5,2,2337,107,Belgaum,no,12243658.91
2,1,1103,81,Bangalore,yes,8380731.89
3,1,1154,43,Guwahati,yes,5453280.36
3,2,2260,14,Ajmer,yes,10202792.71
3,2,1571,16,Amritsar,yes,5846098.5
4,1,1611,44,Srinagar,yes,7731900.25
5,2,2521,33,Raurkela,yes,13693807.58
2,1,893,58,Faridabad,yes,4493713.35
3,1,1048,51,Dhanbad,yes,5358435.25
4,1,1556,41,Ahmedabad,yes,8825048.19
4,1,1456,58,Etawah,yes,7497755.54
3,1,1426,32,Vadodara,yes,7050739.96
2,2,1240,1,Dehradun,yes,7076471.26
3,1,1740,67,Amravati,yes,9111934.86
3,2,1466,70,Kolhapur,yes,5943909.09
3,1,1096,37,Jabalpur,yes,5032473.98
1,1,848,2,Raipur,yes,4252261.77
3,1,990,13,Bikaner,yes,4668332.61
3,2,1258,37,Bareilly,yes,6165429.27
3,1,1040,47,Ahmedabad,yes,5892242.19
3,2,1459,5,Rampur,yes,6805635.85
3,1,1251,42,Dehradun,yes,6048736.16
3,2,1498,11,Rampur,yes,7900424.27
2,1,996,18,Loni,yes,5144193.04
3,1,1092,37,Jammu,yes,4999760.5
3,2,1953,4,Kolkata,yes,10332695.99
3,2,1709,2,Chandigarh,yes,7980095.03
1,1,1247,1,Kurnool,yes,7251271.22
2,2,1040,59,Chandigarh,no,4942199.02
2,2,1252,9,Mumbai,yes,8944000.69
4,2,1694,83,Bharuch,yes,8597496.85
1,1,1200,41,Tiruchirappalli,yes,5894846.22
2,1,936,54,Vasai,yes,4286687.12
3,2,1314,1,Agra,yes,7170414.44
3,1,1355,93,Bareilly,yes,7285342.61
2,1,1088,21,Anantapur,yes,5734851.74
3,1,1324,73,Rajkot,yes,7979350.94
3,2,1601,31,Amravati,yes,7842683.78
1,1,438,89,Firozabad,no,2082818.62
3,1,950,36,Udaipur,yes,4584566.04
2,1,1134,47,Coimbatore,yes,5904119.84
3,1,1194,47,Chandigarh,yes,3837817.62
3,2,1302,37,Belgaum,yes,5356594.05
3,2,2622,16,Jhansi,yes,12740347.43
3,2,1442,17,Udaipur,yes,8137531.95
3,2,2021,0,Mysore,yes,8994699.83
3,2,1690,7,Aligarh,yes,8346816.15
3,2,1836,5,Loni,yes,8702077.01
3,2,1658,13,Dhanbad,yes,8073936.31
4,2,1964,32,Etawah,yes,8467738.39
2,1,816,49,Bhiwandi,yes,4091833.32
2,1,1008,54,Gorakhpur,yes,5151741.92
2,1,833,52,Bhopal,yes,4648463.77
3,2,1734,0,Cuttack,yes,7688649.38
3,2,1419,7,Udaipur,yes,6293228.09
3,1,894,41,Sangli,yes,4074278.22
3,1,1601,50,Hubli,yes,5964414.59
3,1,1040,47,Mysore,yes,4743557.09
2,1,1012,87,Kolkata,yes,4125355.82
3,2,1552,1,Chandigarh,yes,8043822.65
3,1,960,53,Shimla,yes,5002608.06
2,1,698,62,Raipur,yes,3418934.22
3,2,1482,15,Sangli,yes,8037866.57
2,1,1005,54,Amravati,yes,5632747.71
2,2,1555,2,Chennai,yes,8733761.64
3,2,1530,3,Delhi,yes,10693092.78
4,2,1959,3,Lucknow,yes,10670616.73
2,1,936,27,Saharanpur,yes,5166787.9
4,2,1981,81,Mangalore,yes,9411216.85
3,1,974,16,Arrah,yes,4889024.19
5,2,2210,127,Dhanbad,yes,11077583.94
3,2,2020,14,Salem,yes,10958071.44
3,2,1600,10,Amravati,yes,8457929.36
2,1,986,81,Ajmer,no,5706890.46
3,1,1252,58,Hyderabad,yes,6439901.12
2,1,1020,135,Ajmer,no,4850375.2
2,2,1567,32,Raipur,yes,8005310.96
3,1,1167,87,Bharuch,yes,6515901.21
2,1,952,57,Lucknow,yes,5605914.46
4,2,1868,33,Navi Mumbai,yes,7837707.84
4,3,2828,1,Kalyan,yes,14130814.48
3,1,1006,49,Shimla,yes,4768413.72
2,1,924,69,Dhanbad,no,4970835.12
3,1,1576,78,Vijayawada,yes,7235871.05
3,2,1298,21,Guwahati,yes,7256770.6
3,1,1564,68,Jamshedpur,yes,6728903.41
2,1,1111,82,Hyderabad,yes,6964721.08
3,1,1482,89,Loni,yes,8215027.07
2,1,932,57,Indore,yes,4767182.72
3,1,1466,47,Siliguri,yes,7139520.25
2,1,1811,50,Kalyan,yes,8973571.48
2,1,816,78,Bhiwandi,yes,4423297.33
4,1,1820,43,Erode,yes,10614575.07
3,2,1437,31,Amritsar,yes,6099733.84
3,2,1265,43,Jamshedpur,yes,5928524.55
2,2,1314,2,Dhanbad,yes,7220423.27
3,2,1580,1,Firozabad,yes,7887101.3
4,2,1876,34,Jamshedpur,yes,8372194.84
3,2,1456,32,Kolkata,yes,5952319.44
3,1,1640,54,Kochi,yes,7883170.85
3,1,894,39,Bhopal,yes,3861044.7
0,0,1258,39,Amritsar,yes,4966907.19
2,1,1432,29,Visakhapatnam,yes,6324459.08
3,2,1502,0,Chennai,yes,8912462.19
3,2,1694,2,Raipur,yes,8891195.45
3,2,1671,6,Ranchi,yes,7969150.62
4,2,2108,73,Jalgaon,yes,9521413.64
4,3,3627,11,Ajmer,yes,20521742.51
3,1,1118,31,Faridabad,yes,4325665.24
3,1,1261,50,Aligarh,yes,6285537.38
2,2,1250,2,Madurai,yes,7035993.77
3,3,3086,61,Karimnagar,yes,16356803.05
4,2,2345,74,Aligarh,yes,13165005.93
4,2,2872,15,Dehradun,yes,12265081.53
3,1,923,24,Vasai,yes,4621840.75
3,1,1224,83,Vijayawada,yes,6274174.44
3,1,1343,88,Cuttack,yes,6839029.43
3,1,1124,52,Mumbai,yes,8534403.43
4,2,2514,16,Nagpur,yes,9361741.35
2,2,1652,0,Jalgaon,yes,7989213.09
4,3,4476,11,Rampur,yes,27440967.61
2,1,1130,86,Arrah,yes,5148362.92
3,1,1572,44,Guwahati,yes,8448615.74
4,1,1221,82,Raurkela,yes,6727598.07
3,2,1699,109,Amritsar,yes,9119042.93
2,2,1624,12,Kolkata,yes,8161319.19
3,2,1660,7,Nagpur,yes,8613029.05
3,2,1804,11,Ludhiana,yes,7799246.62
3,1,1622,46,Nellore,yes,8240907.05
2,2,1441,8,Saharanpur,yes,7571695.56
3,1,1472,82,Hyderabad,yes,10350510.93
2,2,1224,10,Bangalore,yes,8633443.44
4,1,1352,41,Etawah,yes,6674199.12
3,2,1456,3,Pune,yes,7791959.4
4,2,1863,0,Indore,yes,9481289.75
3,1,1690,90,Vadodara,yes,8679707.9
3,2,1212,8,Amritsar,yes,5871130.05
3,1,1382,43,Patna,yes,7270352.39
3,1,864,36,Hyderabad,yes,4816168.92
3,2,1779,11,Surat,yes,7448538.88
3,1,1348,84,Dehradun,yes,6657264.92
3,2,1630,9,Mumbai,yes,11874262.38
3,1,1074,31,Ajmer,yes,6129181.02
3,2,2196,19,Kalyan,yes,12073629.75
2,1,1056,40,Jammu,yes,4924127.54
3,2,1700,3,Bhubaneswar,yes,7381667.33
3,1,1283,46,Belgaum,yes,6137770.28
3,2,1660,0,Jalgaon,yes,7670130.76
3,2,1845,18,Jabalpur,yes,7418996.0
4,2,1752,22,Thane,yes,7887610.09
2,1,672,68,Navi Mumbai,yes,3594198.37
0,0,960,41,Ghaziabad,yes,5962086.81
3,1,999,44,Coimbatore,yes,4640861.16
3,1,894,41,Gwalior,yes,4189465.04
4,2,1902,32,Thane,yes,9186676.32
3,2,1314,0,Rajkot,yes,7319231.02
2,1,912,59,Surat,no,4248976.97
3,1,1218,35,Surat,yes,5417711.53
2,1,912,42,Kochi,yes,4406816.57
3,1,1211,40,Cuttack,yes,6761724.86
3,2,1846,58,Ajmer,yes,9899478.58
4,2,2136,55,Rampur,no,9111269.31
3,2,1490,4,Mangalore,yes,8464025.12
3,1,1138,49,Amritsar,yes,5651659.46
4,2,1933,1,Firozabad,yes,9707360.41
2,1,912,43,Chennai,yes,5295821.11
1,1,1702,0,Bhopal,yes,7125933.02
4,2,1507,48,Guntur,yes,7567998.56
4,2,2620,30,Hyderabad,yes,14390666.36
3,1,1190,44,Surat,yes,5320570.37
2,2,1224,45,Kalyan,yes,6799512.03
3,1,1188,51,Erode,yes,6501748.54
4,1,1964,97,Ahmedabad,no,12048523.67
4,1,1784,92,Parbhani,yes,8818329.47
2,2,1626,7,Srinagar,yes,9444784.55
4,2,1948,2,Udaipur,yes,9440684.31
3,1,1141,1,Nellore,yes,6787001.36
2,2,1484,1,Cuttack,yes,7292030.46
3,2,1768,5,Patna,yes,9781633.44
3,2,1689,0,Coimbatore,yes,7623646.98
3,2,1173,36,Udaipur,yes,4720006.87
2,2,2076,0,Thane,yes,9862632.07
3,1,1517,77,Agra,yes,8020320.0
3,3,1868,23,Jalgaon,yes,10676884.06
3,2,1553,1,Warangal,yes,6929547.32
3,1,1034,34,Ahmedabad,yes,6883084.93
3,1,2058,91,Salem,no,9415804.12
3,1,988,57,Faridabad,yes,5810016.04
3,2,2110,42,Rampur,yes,9675239.73
2,2,1405,3,Ranchi,yes,8123633.05
3,1,874,41,Jamshedpur,yes,4360892.45
3,2,2167,33,Kanpur,yes,9283141.89
3,2,1656,5,Aligarh,yes,8084158.82
3,1,1367,76,Ludhiana,yes,8038898.08
2,2,1987,14,Parbhani,yes,10527243.4
2,1,864,87,Kalyan,yes,4395622.29
2,2,1166,3,Amravati,yes,6303063.15
3,1,1054,39,Rampur,yes,5660842.94
3,2,1675,10,Etawah,yes,7702781.98
2,1,1050,53,Agra,yes,6367350.94
5,1,1788,52,Guntur,yes,8433716.36
3,1,1824,88,Moradabad,yes,8868800.79
2,2,1337,10,Srinagar,yes,5998360.93
3,2,1452,7,Bhiwandi,yes,7958963.5
4,1,1889,97,Patna,no,9923529.48
3,2,2018,2,Kochi,yes,11703295.42
4,3,3447,73,Howrah,yes,14702356.33
3,1,1524,49,Lucknow,yes,7884855.96
0,0,1524,31,Jalandhar,yes,7573486.87
3,2,1489,41,Etawah,yes,6557928.87
3,1,935,41,Firozabad,yes,4509353.63
2,1,1357,49,Firozabad,yes,6282154.33
3,2,1250,97,Bhubaneswar,yes,6924898.37
4,2,1920,59,Raurkela,yes,8394215.12
3,1,1395,37,Bikaner,yes,8019700.9
3,1,1724,42,Dehradun,yes,11327931.72
3,2,2031,6,Anantapur,yes,11206221.02
2,1,1128,90,Bangalore,yes,7162388.3
3,2,1573,7,Saharanpur,yes,7219993.92
2,2,1339,16,Jamshedpur,yes,6968456.1
3,2,1040,32,Nellore,yes,4940996.66
4,2,1824,39,Cuttack,yes,8503014.4
4,2,2447,91,Shimla,yes,11993255.83
4,1,1412,70,Thane,yes,6858610.04
3,1,1328,47,Jamshedpur,yes,6050500.92
4,2,1582,42,Rampur,yes,7712897.27
2,2,1659,9,Nagpur,yes,8378386.4
3,2,1970,0,Surat,yes,8708458.48
3,1,1152,46,Mumbai,yes,10217222.54
3,2,1302,37,Delhi,yes,8574643.3
4,2,2372,117,Kalyan,no,13229177.7
4,2,1664,30,Delhi,yes,12533140.22
2,1,864,51,Vadodara,yes,4135462.69
3,1,1052,38,Coimbatore,yes,4947687.0
3,2,1128,45,Amravati,yes,6356455.12
2,2,1072,1,Noida,yes,5527667.72
3,2,5642,0,Tiruchirappalli,yes,28350379.18
3,1,1246,51,Vadodara,yes,6502611.93
3,2,1983,10,Jalgaon,yes,8933112.27
3,1,1494,67,Noida,yes,8262713.08
4,2,2526,12,Gwalior,yes,14131884.31
3,2,1616,1,Hubli,yes,7702505.7
3,2,1708,2,Udaipur,yes,10407321.71
2,2,1652,3,Kolhapur,yes,7927047.23
2,2,1368,1,Hapur,yes,7128937.71
3,1,990,15,Rajkot,yes,5331416.73
2,1,1122,60,Jhansi,yes,5115827.42
3,2,1294,17,Vasai,yes,7000404.49
3,2,1902,51,Chennai,yes,10584337.13
3,2,1274,2,Hapur,yes,5906737.72
4,2,2810,17,Ranchi,yes,13870755.19
4,2,2599,11,Nashik,yes,11427114.3
3,1,948,53,Etawah,yes,5083579.67
4,2,2112,39,Ajmer,yes,10605882.42
3,2,1630,1,Rajkot,yes,10090036.24
2,2,1352,1,Kochi,yes,7118322.04
3,2,1787,5,Varanasi,yes,8897967.86
3,1,948,53,Tiruchirappalli,yes,4376607.92
3,1,1478,52,Ujjain,yes,6641482.44
2,1,720,59,Sangli,no,3935413.8
3,2,1923,18,Bhiwandi,yes,10544556.77
2,1,708,69,Malegaon,yes,3410408.88
2,2,1795,1,Madurai,yes,8599313.39
2,1,796,86,Guntur,no,4222720.9
3,1,774,76,Firozabad,yes,4211988.98
3,1,816,26,Salem,yes,4296616.67
5,2,2792,88,Raurkela,yes,12142621.14
3,2,1632,8,Dehradun,yes,6285841.05
3,2,1588,1,Anantapur,yes,8395167.62
3,1,954,30,Hubli,yes,4565059.79
2,1,816,71,Bhiwandi,yes,3705591.54
2,1,1360,68,Bharatpur,yes,7019017.17
3,1,1365,39,Dhanbad,yes,6589882.4
2,2,1334,32,Ujjain,yes,7421000.24
4,2,1656,35,Guntur,yes,9436527.71
2,1,693,65,Navi Mumbai,no,4670536.05
3,2,1861,4,Jalandhar,yes,9906920.7
3,1,864,34,Ludhiana,yes,4008821.45
3,1,872,36,Amravati,yes,4205558.15
3,1,1114,5,Jaipur,yes,6421368.59
3,2,2169,5,Etawah,yes,11341671.02
3,1,1913,81,Hyderabad,yes,13695664.56
3,2,1456,1,Ranchi,yes,7326829.77
2,1,960,87,Navi Mumbai,yes,5131433.79
3,2,2156,38,Malegaon,yes,10700516.92
3,2,1776,1,Salem,yes,8166622.75
3,2,1494,9,Jammu,yes,7606412.74
4,2,2358,136,Cuttack,no,11731090.61
6,2,2634,40,Bhiwandi,yes,12165893.15
4,1,1716,46,Nagpur,yes,8588550.71
2,1,1176,72,Jamshedpur,yes,5163201.93
4,2,3238,15,Jalandhar,yes,19227086.72
3,2,1865,8,Dhanbad,yes,9068217.43
4,3,1920,38,Gorakhpur,yes,8783802.21
3,1,892,42,Bhilai,yes,3761376.25
3,1,1078,39,Bharuch,yes,5216046.67
3,2,1573,10,Thane,yes,8298433.12
3,2,1980,2,Faridabad,yes,9998705.21
4,3,2601,87,Howrah,yes,13647076.43
3,2,1530,4,Noida,yes,7422924.96
4,2,1738,89,Varanasi,yes,8014174.0
3,2,1412,1,Pune,yes,7914365.58
2,2,1200,1,Surat,yes,5484079.67
3,2,1674,10,Bikaner,yes,8796060.01
3,2,1790,9,Warangal,yes,7707922.46
4,2,1475,29,Jammu,yes,6948837.93
1,1,848,6,Saharanpur,yes,4397525.64
3,2,1668,7,Loni,yes,8664181.13
2,1,1374,89,Ajmer,yes,6306691.28
3,1,1661,53,Ahmedabad,yes,9152636.7
3,2,2097,8,Etawah,yes,10533011.38
2,2,2633,6,Salem,yes,13574078.68
3,2,1958,3,Raurkela,yes,9931949.68
3,2,1571,0,Shimla,yes,6449535.49
2,1,790,78,Jammu,no,3039349.86
3,2,1604,68,Agartala,yes,7940656.6
2,1,987,33,Bhilai,yes,4158006.77
3,2,1394,2,Bhubaneswar,yes,6257744.28
2,1,864,96,Ghaziabad,no,4538595.11
4,2,2117,38,Bhopal,yes,12909235.31
4,1,1762,86,Aligarh,yes,8626927.03
3,2,1416,89,Delhi,yes,8530771.84
2,1,1258,70,Noida,yes,6526746.51
3,1,1154,88,Rajkot,yes,6073033.46
5,3,2784,28,Hubli,yes,12162589.95
5,2,2526,91,Hapur,no,12977608.3
3,2,1746,3,Tiruchirappalli,yes,8655191.93
3,1,1218,66,Gorakhpur,yes,6607852.35
3,2,1525,6,Surat,yes,7080453.87
4,2,1584,42,Meerut,yes,7379685.37
3,1,900,39,Bangalore,yes,6352505.86
3,2,1912,103,Bhiwandi,no,9522141.54
2,2,1500,0,Warangal,yes,7643498.62
4,2,2482,2,Mangalore,yes,10595393.76
3,1,1687,62,Karimnagar,yes,9194347.33
4,1,1513,87,Nashik,yes,7607572.37
3,1,1904,59,Kalyan,yes,9072435.12
3,2,1608,84,Navi Mumbai,yes,9375119.05
3,1,1158,79,Faridabad,yes,5969314.86
3,2,1593,4,Bhiwandi,yes,8078727.7
2,2,1294,0,Amravati,yes,6156402.96
3,2,1464,0,Ludhiana,yes,7692849.0
3,1,1214,91,Kurnool,yes,6849013.77
2,2,1646,4,Amritsar,yes,8253193.98
2,1,768,37,Belgaum,yes,3569114.15
3,1,833,24,Thane,yes,3952779.24
3,1,1363,100,Udaipur,yes,6591601.93
3,2,2093,22,Visakhapatnam,yes,11334050.24
3,2,1840,8,Arrah,yes,7389541.86
3,1,1668,59,Bharatpur,yes,7875027.7
2,2,1040,60,Gorakhpur,no,4713371.82
2,2,1844,4,Kurnool,yes,8988167.99
4,1,1848,85,Guwahati,yes,11011233.08
1,2,1569,2,Mumbai,yes,12646130.67
4,2,2290,125,Dehradun,yes,10671709.67
3,2,2450,11,Parbhani,yes,12665414.86
3,1,1144,45,Dehradun,yes,6135889.67
3,2,1844,37,Bhilai,yes,9677666.84
3,2,1416,38,Kolkata,yes,7068688.76
2,2,1069,33,Bhubaneswar,yes,4625665.67
1,1,848,5,Sangli,yes,3970497.73
4,2,2201,40,Hyderabad,yes,11888952.29
2,1,1344,49,Arrah,yes,7004489.14
3,1,1252,49,Rajkot,yes,6180161.91
3,2,2127,14,Agartala,yes,10595163.36
3,1,1558,63,Mathura,yes,8016724.72
2,1,804,70,Bareilly,yes,3543886.68
3,2,1440,26,Bareilly,yes,7139927.18
4,2,1838,1,Hubli,yes,10835559.67
2,2,958,33,Kanpur,yes,4536426.86
4,2,968,80,Bharatpur,yes,5779816.3
3,2,1792,8,Varanasi,yes,8104370.96
3,2,1126,29,Bhiwandi,yes,5850706.89
3,1,1537,46,Kochi,yes,7492023.57
3,1,864,36,Jamshedpur,yes,4092427.27
2,2,1932,0,Coimbatore,yes,9452810.41
2,1,1236,53,Malegaon,yes,5846752.92
3,2,1725,28,Tiruchirappalli,yes,8675069.61
3,2,2555,86,Bharatpur,yes,12836448.55
1,1,848,4,Saharanpur,yes,4598226.86
3,2,2007,1,Tiruchirappalli,yes,7176377.36
2,1,952,93,Tiruchirappalli,no,4844691.97
3,2,1422,3,Jalgaon,yes,5907443.41
3,1,913,41,Gorakhpur,yes,4988959.0
3,1,1188,48,Karimnagar,yes,7088438.56
3,2,2090,12,Jamshedpur,yes,9743642.53
2,1,1346,97,Meerut,no,6400259.71
1,1,630,36,Nellore,yes,2987913.83
4,2,1792,35,Jhansi,yes,8342661.1
3,2,1578,1,Karimnagar,yes,6904238.03
2,1,1072,1,Jammu,yes,5985404.59
3,1,1140,0,Jaipur,yes,5567866.49
2,2,1221,5,Jamshedpur,yes,6949181.74
3,2,1647,8,Kolkata,yes,8723195.49
3,2,2073,32,Madurai,yes,9005639.26
4,2,2340,69,Jhansi,yes,11337558.43
2,1,1078,60,Lucknow,yes,5311808.41
3,1,1256,43,Panipat,yes,7037380.12
3,1,1256,43,Haridwar,yes,7037380.12
2,2,1221,5,Haridwar,yes,6949181.74
2,1,1072,1,Haridwar,yes,5985404.59
2,2,1221,5,Bijnor,yes,6949181.74
2,1,1072,1,Bijnor,yes,5985404.59
